id,firstName,lastName,email,phone,cellNumber,address,city,state,zipCode
90001,Dakota,Hammond,ipsum@eu.edu,(408) 871-8840,(189) 470-8782,P.O. Box 345 3763 Magna. St.,Lynn,MN,84992
90002,Renee,Nichols,quis.lectus@ornaretortor.org,(675) 146-8140,(761) 197-5223,132-321 Dui. Street,West Allis,MN,32107
90003,Caesar,Mccarty,hendrerit.a@adipiscingfringillaporttitor.edu,(551) 658-0814,(647) 646-0014,Ap #157-4434 Tincidunt Street,Cape Girardeau,MT,44406
90004,Aileen,Long,nonummy.ipsum@euneque.org,(912) 559-6600,(836) 987-4269,2528 Praesent St.,Brunswick,MS,84775
90005,acqueline,Gay,ante@ullamcorpervelitin.edu,(154) 652-3940,(911) 832-3142,984 Non Street,Deadwood,KS,28124
90006,Leigh,Vargas,ultrices.mauris.ipsum@Fusce.com,(494) 577-7182,(344) 356-6689,P.O. Box 134 6065 Elit St.,Brownsville,AK,7791
90007,Edward,Palmer,facilisis.vitae.orci@sodaleseliterat.com,(227) 574-1430,(932) 193-0370,2544 Erat. Rd.,Signal Hill,OH,59261
90008,Yoshio,Carver,Duis.elementum.dui@gravida.ca,(331) 530-8446,(551) 570-1997,176-1037 Curabitur St.,Maywood,WY,33164
90009,Maia,Wong,mattis.semper@velmauris.edu,(943) 423-5222,(236) 342-2005,P.O. Box 813 7499 Pharetra. St.,Cary,IA,23476
90010,Rowan,Beach,velit@nisl.org,(453) 605-8054,(465) 247-4627,Ap #723-5025 Gravida Ave,Monrovia,OH,95258
90011,Wing,Maynard,ut.aliquam@Suspendissenon.edu,(968) 205-6674,(749) 495-0830,Ap #298-6352 Rutrum Ave,Burbank,NM,57715
90012,Thomas,Coffey,id@idnuncinterdum.ca,(519) 914-9979,(345) 506-1536,7892 Morbi St.,Atwater,AK,85547
90013,Jermaine,Garrett,lacus.varius.et@mollis.org,(301) 852-5689,(400) 280-2660,Ap #993-7457 Duis Street,South Bend,UT,63474
90014,Fay,Everett,pharetra.felis.eget@Fuscemilorem.org,(357) 548-6157,(483) 451-2238,Ap #983-1048 Dis Av.,Springfield,ND,16074
90015,Kylan,Cotton,augue@sed.edu,(663) 925-1480,(966) 964-6628,Ap #734-9370 In Road,San Jose,AL,82755
90016,Quail,Rose,hendrerit@ac.edu,(356) 221-8846,(282) 870-8916,P.O. Box 799 6575 Ut Avenue,Ann Arbor,UT,86432
90017,Moana,Lyons,lectus.rutrum@accumsanlaoreet.edu,(573) 343-1458,(630) 400-2630,640-5343 Massa. Av.,Waukegan,AZ,91865
90018,Carolyn,Carey,ultrices.a.auctor@euturpis.edu,(271) 582-8468,(842) 402-4054,P.O. Box 735 5713 Phasellus Road,Cumberland,NJ,90972
90019,Julie,Mcneil,ipsum.Donec@risus.edu,(954) 356-7621,(862) 524-1110,3262 Magna. St.,Oakland,MS,58144
90020,Martin,Roach,velit@pedenec.org,(642) 894-2064,(276) 102-5821,Ap #270-838 Condimentum. Road,Helena,ID,80532
90021,Iliana,Garcia,arcu.vel.quam@turpisNulla.edu,(618) 611-1932,(788) 882-1310,671-1359 Ac Ave,Pomona,MA,80698
90022,Edan,Booker,massa@augue.org,(725) 608-7498,(761) 478-8606,Ap #606-9614 Lectus. Ave,Norwich,NH,90416
90023,Branden,Farrell,et.risus@faucibuslectusa.org,(408) 887-5472,(247) 744-2812,572-7326 Mi Rd.,Reading,WI,33841
90024,Malcolm,Foreman,faucibus.orci.luctus@posuerecubiliaCurae;.com,(912) 656-9482,(346) 814-7781,Ap #361-3223 Non Ave,Vallejo,ID,99612
90025,Elvis,Rich,vitae.posuere.at@nunc.com,(521) 335-0142,(318) 647-8948,2177 Arcu. St.,Houma,OR,99131
90026,Dominique,Meyers,tristique.senectus@pellentesquemassalobortis.com,(993) 757-5479,(270) 294-9018,P.O. Box 182 5123 Imperdiet Street,Santa Cruz,NJ,26329
90027,Brianna,Singleton,id.libero.Donec@justo.org,(526) 611-5223,(355) 403-9382,Ap #994-3720 Interdum Street,Greensboro,RI,35052
90028,Neville,Romero,torquent.per@lacinia.org,(322) 625-5647,(663) 606-3027,935-348 Suspendisse Street,Bossier City,LA,9421
90029,Belle,Kline,vestibulum.lorem.sit@lobortis.com,(787) 394-6064,(607) 608-9390,477-5232 Sociosqu Road,San Clemente,DC,36624
90030,Velma,Daniel,vel.venenatis.vel@placerat.edu,(857) 555-4854,(297) 644-7631,749-9403 Justo St.,New Britain,NH,16763
90031,Christopher,Davidson,at.pretium.aliquet@in.edu,(337) 882-6467,(761) 557-0151,1026 Egestas Street,Lodi,AK,14147
90032,Timon,Fleming,a.enim@eueratsemper.ca,(674) 729-5310,(583) 398-2904,1447 Tristique St.,Biddeford,DC,7075
90033,Hiram,Hutchinson,Nullam.feugiat.placerat@ullamcorpermagnaSed.org,(153) 483-3123,(665) 575-6486,814-2466 Eget Av.,Sitka,NJ,71824
90034,Eaton,Cantrell,leo.in.lobortis@ipsum.ca,(874) 350-9085,(379) 197-6563,Ap #277-7382 Euismod Rd.,Scottsbluff,AL,12987
90035,Damon,Guerrero,Donec.est.mauris@lacusvestibulum.org,(636) 734-3907,(654) 822-8639,6192 Mi Street,Malibu,DC,50324
90036,Anne,Vega,gravida.molestie.arcu@Nunc.org,(131) 513-7901,(983) 759-8954,Ap #481-326 Mi. Avenue,Monongahela,HI,91922
90037,Ivy,Hines,tempus.eu.ligula@Vivamusrhoncus.com,(457) 106-9924,(910) 426-5755,2137 Nunc. Rd.,Vincennes,HI,65491
90038,Carolyn,Blackwell,risus@Cras.edu,(521) 653-2117,(702) 521-7123,938-9079 Suspendisse Ave,Johnson City,FL,47969
90039,Kasper,Deleon,faucibus@utodio.com,(246) 678-3917,(781) 675-8402,1023 Tempor Avenue,Lomita,CT,58763
90040,Hector,Gillespie,ultrices@amalesuadaid.com,(572) 639-1141,(461) 376-4189,Ap #371-9660 Nec Rd.,Yakima,MD,45117
90041,Priscilla,Hopkins,Phasellus.nulla.Integer@dictumplacerat.edu,(991) 367-6865,(822) 112-4399,P.O. Box 743 8953 Vulputate St.,Lake Forest,MO,77969
90042,Cyrus,Glover,vel.convallis.in@Sed.com,(957) 179-5184,(105) 890-3600,Ap #476-2894 Mauris. St.,Bangor,CT,46203
90043,Edward,Snyder,eros@enim.com,(118) 908-2792,(309) 720-8423,418-7480 Egestas Rd.,Durango,NM,79398
90044,Ebony,Aguilar,purus.ac.tellus@arcuvelquam.ca,(177) 707-5408,(542) 824-4872,P.O. Box 703 3687 Erat St.,Calabasas,MI,16983
90045,Margaret,Stevens,ut@Donec.ca,(851) 686-0632,(544) 275-5646,Ap #645-191 Sed Road,Kansas City,OK,81542
90046,Charles,Dotson,per.conubia.nostra@posuerecubiliaCurae;.org,(469) 544-0097,(322) 927-6444,8515 Duis St.,Danbury,DE,9036
90047,Xenos,Shaw,non@aliquamarcuAliquam.com,(636) 829-5930,(490) 372-4574,1538 Dis Av.,Rocky Mount,NC,52506
90048,Cheyenne,Tillman,vulputate.ullamcorper.magna@telluslorem.com,(514) 541-8875,(323) 231-7532,539-1115 Pellentesque Avenue,Edmond,MA,27241
90049,Plato,Torres,eu@Nuncsedorci.edu,(135) 267-9202,(296) 609-0262,Ap #199-5946 Eget Av.,Newburgh,MA,43479
90050,Michael,Jensen,orci.lacus@Utsemperpretium.ca,(866) 575-5018,(195) 251-5750,670 Dolor. St.,Palo Alto,IA,4390
90051,Travis,Hodges,varius.orci.in@aultriciesadipiscing.org,(795) 301-4689,(709) 506-7798,2946 Mauris Street,Corinth,GA,10299
90052,Raphael,Cleveland,ac.mattis.ornare@ullamcorperDuis.ca,(628) 579-1561,(484) 216-4325,319-2561 Ornare Rd.,Oklahoma City,HI,89818
90053,Flynn,Vance,Ut.sagittis.lobortis@risusvarius.org,(930) 246-5781,(235) 462-5744,Ap #648-6269 Eget Street,Latrobe,KY,77817
90054,Alana,Mckee,mattis.Cras@ametmassa.org,(562) 824-4098,(824) 589-8995,Ap #499-8525 Nulla Av.,Fitchburg,TX,10282
90055,Ava,Bradley,eleifend.non.dapibus@orci.com,(999) 588-2778,(565) 948-7859,Ap #299-8185 Velit Ave,Shelton,WI,68967
90056,Iris,Houston,ultrices.Vivamus@libero.org,(790) 649-4243,(210) 499-4380,Ap #870-3218 Aliquam Av.,Chico,MA,75176
90057,Portia,Buck,a.aliquet@leoMorbi.org,(615) 114-4435,(622) 554-9586,767-6881 Aliquam Avenue,Lakewood,IN,23449
90058,Kaden,Lyons,feugiat.non@placerat.com,(707) 251-1197,(381) 956-2445,7069 Nec Avenue,La Palma,MO,58829
90059,Lucas,Hicks,vitae.erat@Phaselluselit.org,(385) 480-0145,(724) 699-1036,8837 Mi. Street,Springdale,IA,89218
90060,Reese,Love,amet.metus.Aliquam@pedeet.com,(156) 615-5268,(951) 849-1859,P.O. Box 743 6346 Augue Av.,Muncie,MN,38294
90061,Stella,Boyer,egestas@dolordolor.com,(324) 274-2591,(482) 148-5999,2885 Egestas. Street,Cerritos,VA,29861
90062,Dorothy,Pope,eu.neque.pellentesque@vitaesemperegestas.org,(275) 489-1491,(474) 206-0313,4379 Tincidunt St.,Eugene,OH,66684
90063,Cecilia,Combs,quis.turpis@feliseget.edu,(518) 139-6427,(857) 790-4201,4541 Sed Rd.,Slidell,DC,56108
90064,Yeo,Bradley,semper@erategettincidunt.edu,(547) 317-2692,(899) 737-9274,Ap #723-8677 Magna Avenue,North Tonawanda,UT,59896
90065,Alyssa,Buckner,auctor.non@metusVivamuseuismod.org,(625) 463-2817,(702) 589-3628,2699 Ligula St.,Carbondale,UT,69022
90066,Larissa,Mcclain,luctus.vulputate.nisi@Suspendissecommodotincidunt.edu,(660) 908-8451,(312) 133-8085,3224 Massa Av.,Janesville,KY,21388
90067,Guinevere,Potts,lobortis.Class.aptent@sedpede.ca,(759) 962-3431,(139) 864-1973,P.O. Box 942 4535 Non St.,Warwick,TN,15274
90068,Chester,Goff,nibh.enim.gravida@Fuscedolorquam.org,(836) 700-8072,(284) 123-9980,9114 Urna St.,Galveston,DC,6480
90069,Beck,Mann,Nam@mollisnon.ca,(627) 130-4292,(344) 147-2052,P.O. Box 768 1510 Massa St.,Peru,TN,91718
90070,Petra,Klein,vitae.aliquam.eros@magnamalesuadavel.com,(138) 275-3716,(527) 334-0650,P.O. Box 660 329 Interdum Street,Portsmouth,MS,36474
90071,Larissa,James,quis@Fusce.org,(743) 988-0430,(262) 860-3846,936-4904 Elementum Avenue,Signal Hill,WY,20863
90072,Sage,Kemp,tincidunt@Crasegetnisi.ca,(222) 982-2769,(262) 101-0523,P.O. Box 913 8814 Ligula. St.,Lodi,CA,67589
90073,Joshua,Pearson,Sed@sitamet.org,(649) 750-7021,(621) 516-6902,P.O. Box 615 1343 Donec Rd.,Santa Barbara,PA,65804
90074,Keith,Mullen,montes.nascetur@Utsemperpretium.com,(495) 812-4037,(798) 306-0986,9090 Lectus Ave,Corvallis,MA,10940
90075,Leilani,Graves,varius@velitduisemper.edu,(500) 431-9407,(154) 846-2814,300 Maecenas St.,Saint Paul,IN,16766
90076,Ryan,Woodard,mi@Donecfelisorci.edu,(756) 230-8690,(182) 980-2163,4348 Consequat Road,Connellsville,WY,99264
90077,Sara,Sloan,Morbi.accumsan.laoreet@temporbibendumDonec.ca,(856) 145-0766,(130) 182-0249,Ap #663-4849 Augue Rd.,Lawrence,MA,81938
90078,Adrian,Smith,aliquet@velmauris.ca,(738) 710-8457,(614) 369-6015,296 Lorem St.,Broken Arrow,RI,33906
90079,Rachel,Robertson,blandit.Nam.nulla@urnasuscipit.com,(485) 801-7718,(339) 340-0723,721-9506 Lobortis St.,Daly City,MS,71157
90080,Yoko,Montoya,neque.pellentesque.massa@magnaa.org,(744) 985-0674,(698) 480-8685,P.O. Box 607 242 Et St.,Pocatello,MI,52896
90081,Roanna,Shepard,at@semut.edu,(180) 561-2398,(208) 705-2777,Ap #687-3536 Hendrerit Rd.,Melrose,TN,73054
90082,Kenneth,Edwards,In.at@arcuSed.org,(855) 650-7274,(332) 967-7875,P.O. Box 700 3822 Vestibulum Av.,Hackensack,HI,78723
90083,Florence,Solomon,In.nec@amet.org,(457) 325-0025,(316) 940-1609,P.O. Box 826 1151 Purus Av.,Berlin,GA,47695
90084,Wylie,Carrillo,tincidunt@augue.org,(552) 403-5735,(217) 128-2406,Ap #813-6694 Nonummy. Ave,Port Jervis,VA,33386
90085,Sage,Simpson,non.bibendum.sed@mienim.ca,(746) 765-9156,(421) 299-0683,P.O. Box 620 571 A St.,Ashland,NE,84331
90086,Brett,Yates,Sed.eu@tempus.org,(549) 648-6060,(182) 692-1380,932-3478 At St.,Fresno,NV,72921
90087,Kylynn,Pacheco,dictum.placerat.augue@erategettincidunt.com,(845) 548-6866,(699) 622-1778,P.O. Box 133 2399 In Ave,Sheboygan,AL,67413
90088,Venus,Lowery,tellus@loremut.edu,(972) 695-6625,(696) 615-6612,775-5185 Elit Rd.,Vineland,VT,73245
90089,Sharon,Hyde,sociis@orci.edu,(717) 432-0932,(496) 245-0587,459-433 Et St.,Radford,MI,76693
90090,Alana,English,at.egestas@quis.com,(689) 835-8846,(768) 266-5253,P.O. Box 281 1821 Fringilla St.,Lower Burrell,SC,75465
90091,Chiquita,Witt,eget@anteNuncmauris.org,(625) 891-3167,(189) 304-0227,374-8410 Venenatis Rd.,Hartford,MA,95820
90092,Mollie,Chen,ut@imperdietnon.ca,(487) 682-6043,(817) 291-5835,4720 Nisi. Street,Webster Groves,AL,37875
90093,Lani,Gallegos,elit.fermentum@atnisiCum.com,(334) 153-2116,(758) 608-5789,Ap #161-2581 Donec Ave,Woodward,MS,3237
90094,Germane,Wilkerson,consectetuer@massa.edu,(980) 599-1670,(247) 376-7767,P.O. Box 879 2463 Vitae Av.,Brookings,WI,20111
90095,Montana,Barton,tellus@quamPellentesquehabitant.ca,(935) 202-9886,(978) 809-7810,P.O. Box 991 552 Proin Road,Douglas,AZ,86822
90096,Asher,Dickerson,libero.dui@dignissim.org,(914) 814-5066,(897) 800-9897,7861 Egestas Av.,West Hartford,ID,26628
90097,Brett,Baxter,turpis.nec.mauris@nequetellus.edu,(281) 971-0600,(469) 438-6689,P.O. Box 222 5621 Sociis Road,Duncan,CO,2094
90098,Anastasia,Morton,a.odio@lobortis.edu,(629) 168-7366,(708) 860-9790,4926 Sed Avenue,Anaheim,NM,88151
90099,Chase,Mclaughlin,semper.rutrum.Fusce@nulla.org,(987) 764-8517,(627) 677-1880,Ap #800-2089 Blandit St.,Cruz Bay,NH,79457
90100,Clinton,Duke,Quisque@necligulaconsectetuer.ca,(554) 121-2103,(809) 621-1469,Ap #201-3085 Aliquet. St.,Rockville,IL,60015
